,jumlah_penduduk,luas_wilayah,kategori_kepadatan,persentase_akses_air_minum_layak,persentase_memiliki_jamban_layak,persentase_akses_sanitasi_layak,tingkat_pengangguran,rata_rata_pendapatan,persentase_penduduk_miskin,garis_kemiskinan(rupiah/kapita/bulan),indeks_pembangunan_literasi,indeks_pembangunan_manusia,rata_rata_pendidikan_akhir,jumlah_tenaga_kesehatan_gizi,jumlah_puskesmas,penerima_bpjs_non_pbi,prevalensi_ketidakcukupan_pangan,jumlah_bencana_kekeringan,prevalensi_underweight,prevalensi_wasting,label
0,28253,10.725,3,91.51,94.93,82.55,8.11,2132501.0,13.13,743820,82.49,75.91,2,8,6,99.29,3.63,0,18.6,10.2,0
1,2235606,144.942,3,99.85,90.77,94.46,5.37,4446097.0,3.1,891580,72.39,86.71,2,270,60,86.96,2.28,0,11.6,11.4,0
2,3079618,185.538,3,100.0,92.81,94.19,7.24,3398513.0,4.2,669713,69.89,84.26,2,290,63,88.2,3.08,0,13.4,9.3,0
3,1049314,47.565,3,99.92,70.24,93.09,6.42,3508236.0,4.68,784679,79.1,83.29,2,282,37,94.38,2.91,0,15.0,8.7,0
4,2470054,125.0,3,99.13,89.96,93.96,6.39,3932710.0,4.09,657247,67.86,83.85,2,216,53,86.99,2.03,0,17.2,11.0,0
5,1808985,147.212,3,98.13,87.22,90.96,7.05,4746281.0,6.78,684557,69.31,81.85,2,157,31,89.16,2.62,0,16.0,9.5,0
6,5627020,2991.78,3,91.9,91.39,71.49,8.47,2111192.0,7.27,482174,38.19,73.02,2,183,109,29.53,5.3,18,19.7,8.5,1
7,2802400,4164.15,3,85.72,85.27,53.21,7.32,1853457.0,7.01,392705,55.6,69.71,0,73,60,12.9,5.98,3,17.9,6.4,1
8,2558140,3631.92,3,85.65,81.49,63.83,7.71,1728848.0,10.22,437327,28.13,68.18,0,55,47,8.75,7.02,1,7.0,3.4,0
9,3721110,1740.84,3,95.73,83.87,66.67,6.52,2013999.0,6.4,426069,53.7,74.03,1,137,63,26.61,5.19,6,15.8,6.2,1
10,2683670,3101.24,3,81.13,81.87,54.68,7.33,1630376.0,9.77,367681,49.21,69.22,0,89,68,8.19,5.76,1,12.7,3.1,1
11,1907050,2705.86,3,89.03,77.0,51.33,3.89,1349553.0,10.28,378958,52.48,69.38,0,70,40,10.63,8.65,1,10.1,4.0,1
12,1251540,1595.94,3,94.39,88.06,71.38,3.52,1580947.0,7.42,442108,62.85,73.12,0,63,36,13.18,6.1,3,16.4,5.2,1
13,1201760,1192.9,3,96.57,87.16,83.03,9.49,1442750.0,12.12,402767,53.96,70.99,0,75,38,19.76,6.43,2,15.7,6.4,1
14,2360440,1071.95,3,98.52,67.15,89.02,7.65,2387051.0,11.2,451853,51.54,71.81,0,141,63,15.91,7.28,6,18.6,9.7,1
15,1340620,1330.17,3,93.38,87.11,82.67,4.12,1479836.0,11.21,520713,58.47,70.76,0,81,32,17.01,7.9,3,15.0,7.0,1
16,1178240,1566.2,3,95.42,90.36,72.55,6.94,1760727.0,9.36,396573,61.26,74.02,0,59,35,22.44,5.55,1,10.0,3.9,0
17,1894330,2076.06,3,97.77,79.66,95.9,6.46,2066665.0,12.13,532545,73.78,70.19,0,68,49,14.71,5.4,1,15.4,9.5,0
18,1649820,2165.55,3,99.22,93.77,89.4,7.65,1999766.0,9.52,404320,47.63,71.42,0,77,40,17.23,6.23,3,13.3,9.5,0
19,1037070,993.09,3,85.4,91.45,77.33,7.72,1990463.0,8.46,434187,55.55,73.43,0,62,20,30.29,5.07,1,14.1,6.5,1
20,2526000,1913.71,3,98.11,87.07,83.02,8.95,2324648.0,7.87,555889,46.12,73.25,2,120,51,29.65,5.93,1,14.7,6.3,0
21,3237420,1251.02,3,96.95,93.33,91.54,8.87,2836509.0,4.93,632811,36.4,76.13,2,144,50,36.32,4.36,3,17.9,7.7,1
22,1859640,1283.44,3,92.27,85.2,56.93,8.11,1832880.0,10.52,426355,53.6,70.33,0,69,33,19.46,7.48,1,13.2,5.1,1
23,431460,1128.18,2,82.95,90.01,86.91,1.52,1354394.0,8.98,447242,44.85,70.57,0,43,15,14.18,6.04,0,13.1,7.7,1
24,1070720,111.37,3,99.61,93.0,74.36,9.39,2144760.0,6.67,661384,52.0,78.36,2,101,24,35.83,4.86,2,13.8,4.9,0
25,360640,48.31,3,98.74,90.37,44.76,8.53,2157734.0,7.5,644276,82.15,77.16,2,38,15,31.23,5.23,1,13.6,5.3,1
26,2506600,166.59,3,97.67,80.85,56.01,8.83,2739763.0,3.96,591124,75.7,83.29,2,247,71,32.28,3.64,0,11.3,5.5,0
27,341980,39.44,3,99.57,78.57,93.27,7.66,1950312.0,9.16,520579,87.75,77.45,2,69,21,30.46,6.85,1,20.2,10.7,0
28,2627210,213.04,3,98.77,97.2,98.52,7.9,3321402.0,4.1,795965,51.79,83.06,2,209,43,51.68,2.27,0,11.5,5.7,0
29,2145400,199.91,3,99.56,98.56,97.43,6.97,3293957.0,2.38,804984,74.44,82.53,2,124,37,50.81,1.99,1,12.8,5.8,0
30,590780,42.43,3,97.36,84.92,76.37,10.52,2391019.0,4.66,590197,57.78,79.69,2,51,12,43.12,2.98,1,14.1,4.0,1
31,741760,183.94,3,95.84,86.9,56.25,6.55,2099187.0,11.53,537497,76.45,75.47,0,75,23,16.3,5.14,0,14.0,4.6,1
32,207510,131.01,3,94.34,92.75,89.06,5.43,1436716.0,6.14,408710,68.56,74.45,0,38,10,20.26,5.55,0,15.7,8.2,1
33,2007830,2323.93,3,88.75,89.21,80.38,8.74,2485171.0,10.99,419429,45.5,72.04,0,91,38,15.1,12.29,7,14.4,7.4,0
34,1828570,1391.15,3,93.57,90.76,83.0,6.35,2252959.0,12.53,479027,52.57,73.96,0,145,39,24.2,10.84,4,12.3,4.1,1
35,1027330,805.76,3,82.82,90.64,77.19,5.61,1810299.0,14.99,439208,54.69,70.51,0,54,22,16.48,10.08,1,15.7,6.0,1
36,1047230,1144.9,3,87.56,87.89,46.09,6.26,1930814.0,14.9,380046,60.84,69.16,0,85,35,10.6,12.14,0,12.0,4.9,0
37,1397560,1334.1,3,87.34,89.22,93.68,5.11,1816060.0,16.34,451678,71.8,71.88,0,88,35,12.52,12.0,0,15.5,4.7,1
38,788270,1081.96,3,91.26,86.89,81.43,4.02,2220234.0,11.33,427622,35.88,74.35,2,62,27,20.26,14.71,2,11.3,6.2,1
39,909660,1011.62,3,94.61,90.29,58.14,4.95,2059530.0,15.58,425105,63.81,70.18,0,48,24,10.51,12.89,0,16.2,5.1,1
40,1330660,1129.98,3,97.5,87.31,85.14,4.42,1884529.0,10.96,411129,61.88,71.56,0,66,28,16.56,11.23,2,12.0,4.7,1
41,1090130,1096.59,3,94.36,89.81,89.31,4.05,2377454.0,9.81,420339,45.58,75.41,2,69,24,24.68,12.73,0,18.0,6.2,1
42,1284390,701.5,3,99.52,91.7,97.16,4.2,2249792.0,12.28,488102,43.57,77.59,2,123,36,29.05,14.46,2,18.6,7.5,1
43,932680,493.53,3,99.71,88.84,95.68,3.4,2442727.0,7.58,476675,70.5,78.65,2,82,12,35.65,10.31,0,15.1,6.8,1
44,1051090,1905.74,3,96.57,93.69,96.12,1.92,2069081.0,10.94,414901,55.63,71.97,0,80,40,15.41,10.8,0,9.8,3.2,0
45,955120,803.05,3,98.48,95.75,97.03,4.35,2308459.0,9.79,465703,66.57,77.31,2,54,21,29.81,10.63,0,10.7,5.3,1
46,997490,994.57,3,98.14,90.06,95.3,3.87,2111776.0,12.87,426482,47.01,75.1,0,74,25,18.4,10.8,7,12.0,7.8,0
47,1492890,2023.85,3,82.18,88.17,90.49,4.02,2534557.0,11.72,464614,40.45,71.49,0,81,31,12.06,13.23,3,15.1,12.7,1
48,901620,1957.29,3,93.54,90.17,90.72,3.1,2535257.0,11.49,425135,64.27,70.63,0,68,26,15.24,11.27,2,17.3,8.3,1
49,660170,1037.54,3,95.34,89.57,95.44,2.6,2589270.0,14.17,477514,58.74,71.89,0,69,17,13.11,10.15,0,17.6,10.1,0
50,1359360,1572.9,3,95.92,94.23,95.8,4.29,2248444.0,9.31,532545,45.22,73.59,0,91,29,22.65,7.78,0,14.8,7.5,0
51,874630,447.44,3,94.62,89.63,92.12,3.25,2495820.0,7.24,520830,64.63,76.71,2,59,18,36.31,8.36,0,9.9,8.7,0
52,1221090,1020.25,3,83.79,87.66,70.49,3.35,2069074.0,6.61,479131,58.78,73.85,1,62,22,16.95,10.02,0,17.1,10.4,0
53,1240510,977.77,3,92.26,92.59,93.6,5.38,2559193.0,12.01,511145,50.8,74.07,2,57,26,19.93,7.77,0,14.1,6.8,0
54,1080650,1019.27,3,95.84,93.19,85.5,4.05,2456279.0,7.17,498952,54.94,75.13,1,87,26,29.74,8.28,1,13.0,6.5,0
55,808450,864.83,3,97.8,91.34,69.89,2.32,2097542.0,9.26,388369,55.7,71.33,0,47,25,11.1,10.26,1,12.5,3.6,1
56,1052830,1008.12,3,96.78,90.3,78.33,5.76,2241473.0,9.39,465936,55.72,73.86,1,93,28,20.97,11.9,1,20.1,16.9,1
57,828880,857.27,3,96.79,93.45,61.7,6.06,1988954.0,8.92,378858,49.9,70.2,0,48,21,12.55,9.38,1,16.2,11.0,1
58,1007380,892.91,3,95.65,87.67,83.47,3.25,2046671.0,9.67,480934,47.58,71.45,0,56,27,13.88,6.73,0,21.8,11.3,1
59,1523620,1137.41,3,97.68,86.47,80.73,6.55,2025318.0,15.03,467204,52.05,68.08,0,75,25,14.27,9.47,0,10.6,6.7,0
60,1654840,983.9,3,98.17,89.05,85.87,8.6,2039714.0,7.3,470728,70.65,71.12,0,76,31,18.71,12.25,1,13.9,4.2,1
61,2043080,1742.81,3,88.78,83.99,82.8,8.98,2124307.0,15.78,513339,62.51,69.71,0,91,38,10.78,9.37,0,14.1,5.4,1
62,122150,18.56,3,100.0,89.42,84.93,5.25,2505077.0,6.11,602794,93.11,81.17,2,43,5,32.64,10.34,0,11.9,4.5,0
63,526870,46.72,3,99.16,78.62,89.97,4.58,2336482.0,8.44,600953,76.41,83.54,2,137,17,30.47,7.92,0,13.4,3.6,0
64,198920,54.98,3,98.71,88.12,98.15,4.57,2952582.0,4.66,565031,94.48,84.99,2,36,6,43.33,5.83,2,10.9,4.7,0
65,1694740,370.0,3,99.88,91.26,95.31,5.99,3505157.0,4.23,642456,68.69,84.43,2,264,33,40.19,6.81,2,11.8,6.2,0
66,317520,46.2,3,98.88,72.44,90.69,5.02,2416966.0,6.81,565998,76.26,76.71,2,36,14,18.42,7.76,0,20.9,13.9,1
67,282780,39.08,3,100.0,72.2,94.12,6.05,2279411.0,7.68,623617,58.89,77.06,2,40,8,31.33,7.16,0,20.3,9.3,1
68,443053,577.22,3,89.61,89.57,97.19,2.4,1149631.0,15.64,416870,84.88,75.82,1,73,21,18.0,13.44,0,12.9,5.3,1
69,1009434,511.71,3,96.29,86.12,97.3,3.78,1542418.0,11.96,488340,68.6,81.74,1,151,27,24.18,9.75,0,14.7,7.9,1
70,751011,1475.15,3,98.3,89.11,95.78,2.09,1193430.0,15.6,382249,73.54,71.46,0,69,30,9.98,14.67,1,14.5,7.2,1
71,1157292,573.75,3,97.59,84.45,95.78,4.47,1629368.0,7.52,491652,68.9,84.86,2,228,27,43.15,6.64,0,11.5,7.4,0
72,375699,32.82,3,99.31,68.44,96.55,6.07,1771068.0,6.49,662267,90.54,88.61,2,103,15,35.48,8.74,0,13.5,6.0,0
73,588000,1433.59,3,80.19,92.39,77.45,1.83,1281699.0,13.65,352606,65.16,70.94,0,68,25,8.46,11.36,0,11.2,7.0,1
74,959500,1418.62,3,94.42,89.64,89.79,4.66,1418151.0,9.53,395069,58.06,73.18,0,70,33,14.86,9.19,0,13.0,7.9,0
75,741200,1249.23,3,84.87,84.5,81.28,4.52,1228909.0,10.63,411527,84.17,71.96,0,90,23,9.65,11.83,0,12.8,3.2,0
76,1107800,1144.53,3,97.9,91.3,87.85,5.65,1514567.0,6.53,423875,58.4,74.65,0,100,31,15.43,7.68,0,12.6,8.2,1
77,1253600,1745.16,3,96.41,89.13,82.5,4.91,1339073.0,8.69,387733,69.95,72.84,0,86,24,12.17,10.91,0,11.0,6.0,1
78,1677200,1523.56,3,92.0,90.84,92.13,5.79,1449994.0,10.72,385874,66.53,74.68,2,113,40,15.13,8.37,0,14.2,7.9,0
79,2715600,3473.44,3,98.18,92.89,84.03,5.7,1776726.0,9.45,399647,48.83,73.0,0,156,42,22.03,8.47,0,13.0,5.1,0
80,1139100,1797.1,3,95.49,85.34,77.48,3.67,1343326.0,8.93,386995,53.87,69.37,0,92,25,8.06,8.77,0,21.5,10.1,1
81,2586800,3313.46,3,97.51,70.3,64.47,4.01,1230888.0,9.51,441171,37.67,70.42,0,173,50,12.36,10.38,1,22.0,8.2,1
82,1743900,3592.9,3,97.44,86.08,82.63,4.75,1531769.0,7.34,448928,65.58,73.79,0,104,45,15.73,9.07,0,14.7,6.5,1
83,788200,1554.99,3,94.43,53.24,57.41,4.15,1111614.0,13.34,494000,64.28,70.56,0,60,27,11.67,12.72,0,12.5,6.5,0
84,697000,1653.72,3,97.45,57.47,59.37,3.27,1292893.0,11.9,396587,62.81,70.65,0,76,23,13.24,13.33,0,2.8,2.9,0
85,1176900,1724.51,3,97.75,72.97,66.12,3.24,1463401.0,17.19,514274,35.92,70.36,0,73,36,9.76,10.43,0,25.7,9.5,1
86,1644500,1493.29,3,97.63,89.77,86.7,5.48,1906645.0,9.24,429624,47.66,71.91,0,91,35,17.2,9.05,0,22.7,8.5,1
87,2148600,724.04,3,97.19,95.45,94.72,8.05,2128281.0,5.0,571696,54.83,81.88,2,154,28,46.93,4.03,0,7.9,5.2,0
88,1145400,984.64,3,98.9,85.99,89.38,4.67,1751031.0,9.8,486520,72.12,76.23,2,75,26,30.85,6.61,0,9.7,6.5,0
89,1351300,1109.84,3,98.01,90.53,94.06,4.66,1371890.0,9.15,488754,49.18,75.16,1,96,33,23.19,8.98,0,10.8,7.1,0
90,1124700,1289.07,3,98.86,87.91,87.83,4.68,1400193.0,10.89,513565,75.83,74.7,0,65,21,12.49,9.03,0,11.8,6.2,0
91,754500,1113.63,3,96.39,87.66,91.99,5.14,1232509.0,11.04,437296,48.87,74.02,0,50,27,15.59,12.46,0,12.4,4.9,0
92,681700,706.44,3,99.61,90.32,92.9,4.16,1362878.0,9.8,431203,55.12,76.3,0,52,22,18.44,9.29,0,13.4,4.4,0
93,880700,1395.8,3,97.51,85.09,85.42,2.41,1447073.0,14.4,413947,65.31,73.28,0,70,24,19.22,12.28,0,14.8,8.3,0
94,1319600,2312.63,3,97.59,91.16,92.63,4.63,1640109.0,12.18,435936,52.66,71.8,0,70,41,9.38,8.09,0,13.4,7.4,0
95,1218600,1973.5,3,95.22,87.4,85.13,4.4,2154102.0,14.91,454336,55.44,71.4,0,63,36,13.85,6.83,0,15.5,7.1,0
96,1369500,1752.71,3,79.26,93.28,95.0,5.46,2084935.0,12.42,481969,63.86,75.29,2,90,36,15.67,5.06,0,10.7,6.7,0
97,1350400,1256.36,3,92.54,95.66,95.0,6.82,2233231.0,10.96,588316,54.51,78.44,2,93,34,31.24,3.67,0,14.8,8.0,0
98,1091800,1301.03,3,96.3,82.48,50.3,6.18,1837297.0,19.35,503207,53.92,66.82,0,37,27,6.43,9.19,0,7.1,6.2,0
99,1004500,1228.25,3,94.29,80.34,82.86,2.72,1787008.0,21.76,454716,79.66,66.19,0,54,22,1.05,9.09,0,8.5,6.7,0
100,875800,795.15,3,97.91,80.08,71.1,1.74,1628574.0,13.85,431127,75.02,70.32,0,64,21,7.51,9.43,0,16.8,7.9,1
101,1146600,2084.02,3,98.1,69.22,70.26,1.71,1758385.0,18.7,471860,47.09,69.13,0,82,29,6.14,3.95,0,10.8,11.0,0
102,295200,67.23,3,99.6,86.28,96.41,4.06,1825905.0,7.15,587723,63.16,80.97,2,67,10,30.53,6.6,0,10.0,6.0,0
103,153400,33.2,3,98.79,88.15,96.22,5.24,1472768.0,7.3,568280,80.75,80.78,2,35,3,25.99,6.11,0,12.4,6.6,0
104,865300,111.08,3,99.06,92.8,86.36,6.8,2071648.0,4.26,674660,94.22,84.0,2,196,16,41.77,5.04,0,13.4,6.0,0
105,247000,54.68,3,100.0,86.21,88.27,4.53,1602592.0,6.48,628380,82.9,76.93,0,31,6,31.86,5.29,0,20.2,7.2,1
106,216400,39.0,3,99.38,89.01,91.73,5.64,1610445.0,6.6,529512,84.38,78.3,2,30,8,26.91,5.96,0,8.0,4.3,0
107,136100,20.22,3,99.95,92.49,96.48,4.73,1797967.0,5.77,581006,80.03,80.9,2,35,6,35.23,5.18,0,8.3,8.0,0
108,200000,36.13,3,99.1,89.66,98.18,5.85,1498195.0,4.74,605131,93.94,83.71,2,67,7,34.96,5.84,0,10.6,5.5,0
109,2911400,335.93,3,98.15,84.21,97.81,6.76,2860798.0,4.65,718370,84.32,83.99,2,414,62,29.86,4.06,0,5.7,4.1,0
110,220200,194.17,3,99.16,93.72,95.06,4.52,1851333.0,3.31,613985,83.0,79.07,2,32,5,36.1,5.09,0,12.8,2.8,1
111,1312766,2771.414,3,78.11,80.2,62.08,9.05,2975006.0,9.27,455297,51.77,70.28,0,57,39,5.41,4.69,0,22.1,9.7,1
112,1433698,3312.18,3,75.64,78.09,68.83,7.57,2964712.0,8.68,419066,50.26,67.68,0,41,44,6.2,4.82,0,24.1,11.2,1
113,3362605,1027.757,3,97.02,93.4,87.75,6.94,4006029.0,6.93,604362,49.93,75.56,2,141,43,33.68,2.59,0,19.4,9.2,1
114,1682133,1469.908,3,94.62,83.38,84.07,9.94,3803174.0,4.85,425751,47.83,72.63,0,47,32,25.53,3.23,2,16.7,18.2,1
115,1950580,178.347,3,97.12,95.3,94.95,6.76,5157504.0,5.89,746468,54.25,80.98,2,159,37,41.12,1.58,0,13.4,7.1,0
116,450507,162.514,3,99.18,92.21,96.23,7.25,4512694.0,3.98,632703,58.16,78.24,2,41,9,44.22,2.19,0,14.0,7.7,1
117,723794,265.787,3,96.72,88.02,92.36,7.45,4034900.0,6.2,511575,46.76,76.43,0,39,16,27.61,2.3,1,19.2,11.1,1
118,1391649,164.86,3,97.91,97.87,99.29,5.81,5715633.0,2.57,782543,54.69,83.57,2,144,29,52.33,1.92,1,8.8,6.3,0
119,97100,1821.75,1,83.1,84.03,72.67,5.85,1239279.0,17.92,538693,55.22,69.98,1,29,14,13.44,10.91,0,28.2,17.8,1
120,133300,1852.82,1,83.99,90.5,67.93,6.84,1512263.0,19.15,568691,66.77,71.14,1,37,11,18.9,7.31,0,16.1,11.8,1
121,239500,4175.37,1,82.44,86.26,74.54,4.73,1433511.0,12.1,494565,50.96,71.14,1,60,26,9.77,13.7,0,20.1,13.1,1
122,230900,4179.12,1,88.04,74.56,65.08,5.0,1624077.0,12.45,471301,62.67,72.93,1,21,19,11.12,12.97,0,24.7,12.1,1
123,438100,5432.63,1,82.46,86.59,70.01,8.03,2192946.0,13.39,530934,45.29,70.73,1,66,27,4.13,8.61,0,28.1,14.7,1
124,223800,4521.7,0,91.02,94.22,92.61,4.42,1878277.0,14.38,584863,56.02,76.45,1,66,17,5.89,8.61,0,11.4,6.1,1
125,204800,2818.17,1,97.09,95.45,90.16,6.07,2323189.0,17.86,616091,62.97,74.62,1,118,10,18.83,6.16,0,21.8,16.9,1
126,422400,2882.83,1,92.63,80.38,89.07,8.17,1573138.0,13.38,564431,71.2,75.98,1,97,31,12.64,8.58,0,26.6,20.2,1
127,448100,3133.93,1,87.6,51.03,60.36,5.92,1975656.0,18.78,579450,52.02,72.95,1,90,26,6.48,9.12,0,23.6,17.3,1
128,453200,1793.27,2,92.62,89.94,84.96,4.14,1558676.0,12.12,486667,56.13,74.56,1,77,23,7.92,7.62,0,31.9,15.9,1
129,624900,2711.15,1,92.47,85.27,77.95,7.07,2077411.0,16.64,454361,61.63,72.5,1,75,31,5.33,14.24,0,20.4,10.4,1
130,157000,1882.28,1,92.69,77.01,64.69,4.08,1630515.0,15.43,474127,72.17,70.47,1,50,13,7.25,9.64,0,21.5,10.4,1
131,104900,5541.28,0,79.64,71.43,46.05,2.65,1667016.0,18.82,514836,67.52,70.82,1,25,13,9.72,9.18,0,5.6,5.0,0
132,305200,2184.4,1,87.5,92.42,78.61,7.21,1650746.0,12.51,555387,58.84,73.02,1,28,14,18.96,12.05,1,26.8,17.0,1
133,174300,3416.32,1,93.28,88.32,82.72,5.74,2578334.0,17.25,594374,52.28,72.15,1,49,15,19.88,3.43,0,25.5,17.6,1
134,97600,3893.05,0,87.87,82.16,78.83,2.88,1710128.0,12.42,515244,70.22,72.44,1,36,12,8.22,9.44,0,21.0,13.3,1
135,169200,1930.75,1,85.16,93.12,87.04,2.45,1933532.0,18.31,551868,47.07,76.06,1,27,12,6.57,7.22,0,17.3,5.0,1
136,164400,953.12,1,90.26,80.07,78.07,4.34,1654184.0,18.4,572452,64.08,76.04,1,52,14,7.37,9.47,0,22.7,12.9,1
137,262000,55.85,3,98.63,91.71,99.91,8.03,2148715.0,7.04,814530,69.96,88.32,2,119,11,30.32,5.47,0,18.9,12.9,1
138,42900,122.04,2,92.67,94.66,93.96,3.92,1697952.0,14.59,715446,74.66,78.7,2,23,6,24.95,9.01,0,24.4,16.9,1
139,194700,217.17,3,99.11,84.38,92.92,7.73,1919587.0,10.53,512319,61.79,80.5,2,35,4,23.46,9.89,0,19.9,12.4,1
140,197400,136.49,3,98.31,95.73,90.36,8.78,2015048.0,10.73,498431,68.25,80.26,2,32,7,21.93,6.09,0,17.4,10.1,1
141,96900,1183.6,1,55.58,84.81,63.4,5.69,2079309.0,16.41,487777,67.26,69.66,1,13,7,11.23,7.3,0,20.0,14.8,1
142,153658,902.395,1,51.33,72.65,23.86,2.31,900622.0,15.1,485533,47.89,65.15,0,34,10,7.87,8.14,0,12.7,7.6,1
143,496975,6547.257,1,78.93,59.45,35.89,7.45,1419463.0,8.86,487436,41.87,72.65,1,44,27,13.6,9.03,0,15.8,7.8,1
144,312540,4201.035,1,75.78,66.82,51.54,3.49,1389511.0,7.01,480834,69.36,74.58,1,9,16,15.96,8.1,0,5.7,0.9,0
145,386895,2307.677,1,78.31,75.99,60.46,7.81,1149758.0,11.5,489760,40.53,72.77,1,37,25,18.53,6.99,0,16.5,7.5,1
146,323102,3895.604,1,90.83,96.53,91.21,1.03,1467408.0,8.54,499881,52.8,76.86,1,48,20,21.43,7.05,0,10.2,4.0,1
147,213850,2291.616,1,96.04,90.45,93.26,1.3,1571703.0,8.04,496950,61.36,77.83,1,24,19,27.61,6.91,0,15.1,2.2,1
148,513826,2772.384,1,91.88,93.04,84.79,5.99,1988546.0,7.99,524240,51.09,74.7,1,29,16,26.61,7.38,0,12.1,6.9,1
149,802563,3737.83,1,93.94,93.83,92.13,6.12,1783647.0,8.21,427293,51.69,73.59,1,41,34,21.91,8.65,0,11.1,6.7,0
150,1035920,4601.477,1,98.48,94.55,92.96,5.35,1576709.0,7.87,467926,51.52,75.17,1,59,43,31.0,11.19,0,12.9,7.3,0
151,324747,2083.604,1,92.31,95.49,94.42,1.23,1724104.0,7.47,463360,48.29,75.18,1,32,17,25.22,7.66,0,11.5,4.0,1
152,420799,2206.876,1,93.13,94.15,88.11,2.63,2425901.0,7.98,606244,53.55,76.88,1,63,19,33.58,5.42,0,10.6,6.1,1
153,2018164,2581.232,3,95.51,90.62,96.78,8.62,2256584.0,3.44,479509,50.57,77.16,1,113,36,27.87,9.7,0,24.3,13.9,1
154,1066711,614.035,3,96.29,92.31,90.65,6.33,1497061.0,9.23,483543,48.86,74.33,1,45,35,21.12,10.75,0,14.5,10.7,0
155,382539,2531.703,1,64.55,56.54,15.63,3.48,973347.0,16.39,379929,43.47,64.98,0,33,41,4.06,13.45,0,13.0,8.1,1
156,204700,2351.514,1,94.94,95.79,96.99,0.84,1349301.0,8.69,451625,48.16,72.49,1,18,11,21.7,5.82,0,8.7,3.1,0
157,55172,1365.607,0,73.47,90.58,83.74,0.45,1110994.0,7.54,384812,58.36,72.3,1,14,8,15.37,5.26,0,13.2,3.0,1
158,141333,185.035,3,74.78,94.77,93.18,1.03,1246935.0,11.66,425875,62.94,72.93,1,22,13,23.62,6.31,0,8.2,1.9,1
159,682918,1949.18,2,97.53,91.32,93.29,4.97,1775878.0,7.44,503955,41.54,73.4,1,23,20,27.73,10.59,0,12.1,5.1,0
160,430533,888.142,3,97.21,86.78,92.54,5.88,1824252.0,11.38,556529,53.95,72.56,0,19,14,19.68,8.44,0,22.4,17.6,0
161,275448,3945.557,1,83.78,83.78,72.22,4.42,1969413.0,8.79,467457,46.62,73.45,1,18,17,19.01,6.09,0,14.5,8.4,1
162,275648,3914.413,1,85.99,76.35,68.32,5.75,1929614.0,7.89,449217,46.79,72.16,1,59,16,15.59,5.26,0,16.3,9.3,0
163,330797,3079.61,1,90.47,90.94,87.49,3.43,1932994.0,8.06,486275,52.29,74.23,1,20,18,24.05,5.33,0,10.3,10.5,0
164,401863,3686.013,1,95.48,92.46,84.75,4.84,1841654.0,9.08,573783,60.13,75.45,1,16,17,24.95,7.69,0,7.9,4.6,0
165,155873,1238.055,1,66.28,74.02,37.9,2.57,722504.0,21.79,501443,48.61,65.44,0,23,10,12.13,9.2,0,15.7,11.2,1
166,95334,464.219,1,71.05,73.0,36.52,0.8,779279.0,22.81,520543,61.17,64.68,0,12,11,9.5,10.95,0,25.7,15.5,1
167,91265,11.471,3,88.85,91.28,35.05,6.79,1717940.0,11.42,568188,64.62,77.07,1,18,5,16.41,7.32,0,11.5,8.5,0
168,183170,60.072,3,100.0,92.61,94.37,4.47,1814875.0,12.21,554065,57.08,75.42,1,27,8,16.71,7.56,0,3.2,5.1,0
169,274838,75.919,3,99.96,96.56,91.22,8.62,1992902.0,7.24,670183,60.52,80.46,2,54,19,36.42,9.09,0,7.2,4.2,0
170,178914,39.17,3,99.13,94.69,92.76,6.24,2145996.0,9.49,623531,68.4,78.17,2,42,9,28.11,9.78,0,15.8,15.8,0
171,2474166,279.29,3,98.05,90.9,91.97,8.67,2319934.0,8.0,651901,34.98,82.61,2,253,39,34.79,7.3,0,3.3,4.0,0
172,303272,93.77,3,64.47,90.68,95.44,6.1,1976232.0,4.79,538638,57.25,78.11,2,32,8,40.57,11.5,0,17.3,11.6,0
173,236217,159.298,3,80.11,84.79,44.79,7.57,1921091.0,6.85,523244,61.54,78.1,2,13,10,32.72,7.45,0,17.2,8.3,1
174,142890,208.684,3,51.33,91.15,55.37,3.67,1063981.0,14.78,459787,49.38,71.55,1,20,7,19.19,9.66,0,14.3,4.3,0
175,91430,5983.222,0,68.34,78.6,72.28,1.33,884565.0,13.72,421113,45.67,65.79,1,26,15,10.77,10.62,0,24.3,12.7,1
176,525360,6045.649,1,86.8,82.66,76.82,4.75,1490558.0,7.34,554057,81.6,72.24,1,62,20,18.57,8.65,0,21.9,9.5,1
177,405380,3590.404,1,82.36,73.74,59.75,4.99,1894003.0,7.13,532900,46.27,71.92,1,45,19,16.73,6.83,0,15.0,4.5,1
178,243710,3150.58,1,69.6,80.47,72.18,4.71,1715280.0,5.88,529460,83.96,72.03,1,51,13,24.62,5.88,0,25.3,12.1,1
179,383680,1377.186,2,87.17,78.53,62.99,5.35,1671672.0,4.16,515587,59.27,75.57,1,45,23,21.8,9.54,0,13.2,6.5,0
180,451390,1342.266,2,87.19,85.55,61.77,6.69,1797095.0,6.34,548147,46.8,74.54,1,57,25,25.64,7.41,0,19.5,12.4,0
181,551890,2226.27,1,90.02,83.94,77.04,4.96,1869359.0,6.6,530290,47.98,74.44,1,49,23,18.2,9.86,0,13.2,7.9,1
182,396430,3273.405,1,69.39,77.76,60.64,3.95,1507992.0,6.8,553068,85.47,72.05,1,50,22,10.95,6.85,0,15.9,5.1,1
183,313200,3902.444,1,81.44,66.77,46.74,5.09,1217424.0,6.8,472703,62.79,69.85,1,62,18,6.77,8.67,0,21.8,9.9,1
184,191540,3282.144,1,80.11,78.74,54.69,2.57,1700819.0,6.45,516004,52.91,72.24,1,16,11,18.52,8.01,0,11.8,13.4,0
185,239920,2920.925,1,71.5,87.51,81.57,6.22,1682687.0,5.56,581058,52.5,73.87,1,56,15,20.08,6.25,0,16.9,10.0,0
186,450050,3852.993,1,78.79,82.9,71.64,6.01,1871666.0,6.92,596225,58.0,72.03,1,61,20,19.69,7.21,0,19.5,9.0,1
187,942940,694.337,3,98.64,78.03,78.56,10.86,2304160.0,4.17,698720,72.49,83.98,2,152,22,43.65,6.52,1,18.7,12.0,1
188,77840,58.72,3,96.22,92.57,94.35,3.72,1942382.0,3.05,538682,89.61,79.66,2,28,4,25.33,6.71,0,15.7,7.2,0
189,67760,231.945,2,90.46,91.24,90.18,4.98,1655840.0,2.27,487610,88.33,75.91,1,21,6,28.14,8.76,0,16.3,9.1,0
190,58630,23.56,3,99.07,86.35,76.31,5.49,1991559.0,5.24,599681,88.22,79.76,2,15,4,26.47,6.81,0,8.3,2.5,0
191,124050,24.173,3,99.95,90.87,89.32,4.99,2042863.0,4.11,619896,74.96,81.88,2,55,7,42.2,6.21,0,12.6,5.3,1
192,144830,74.552,3,98.63,93.64,87.75,4.84,2012439.0,5.44,616357,77.43,80.14,2,29,8,24.95,6.51,0,12.8,10.7,0
193,97210,64.767,3,94.48,84.19,84.18,5.68,1490620.0,4.2,576455,70.99,79.76,2,41,7,21.88,8.38,0,18.2,9.6,0
194,345610,5457.86,1,83.02,90.82,85.36,2.49,1881702.0,8.07,693493,64.78,73.35,1,51,25,18.19,13.75,0,18.3,12.2,1
195,462220,7871.85,1,73.31,89.96,85.43,2.47,2102346.0,6.06,626671,60.88,72.28,1,24,20,13.18,12.31,0,11.2,7.7,0
196,677290,13521.26,1,90.27,87.35,57.13,1.71,1748477.0,5.64,597122,48.99,69.64,1,53,29,11.21,17.06,0,14.6,7.1,0
197,408540,13262.11,0,82.81,96.43,85.3,2.26,2862890.0,8.15,689786,66.96,74.69,1,50,14,26.88,10.96,0,12.3,8.6,0
198,477060,7805.54,1,93.76,94.42,91.15,5.82,2359854.0,5.23,558867,70.06,75.97,1,56,16,34.02,10.33,0,14.3,8.9,0
199,881030,10352.8,1,94.18,95.33,86.4,3.38,2389856.0,7.04,547696,56.7,75.59,1,66,31,20.68,12.01,0,5.6,4.9,0
200,585180,7658.15,1,90.75,94.43,89.49,3.45,2037171.0,9.72,647599,52.69,72.28,1,53,23,18.8,9.32,0,11.9,10.4,0
201,584920,8616.36,1,95.64,95.31,91.11,7.09,2192943.0,6.31,713826,53.86,75.96,1,78,19,29.01,12.77,0,17.5,9.1,0
202,663960,9068.46,1,86.56,97.21,79.71,4.42,2480756.0,7.07,511610,50.36,71.98,1,47,20,12.78,12.62,0,13.5,8.1,0
203,211790,3623.56,1,93.37,90.81,57.67,5.17,1489469.0,22.98,623576,63.19,68.96,1,21,10,5.58,15.95,0,15.4,8.6,0
204,1016360,638.33,3,99.17,96.13,95.13,6.2,2394334.0,3.16,712000,70.77,83.67,2,229,20,44.72,11.75,0,10.9,9.2,0
205,328910,2059.61,1,89.81,97.74,95.5,5.15,2459471.0,3.21,601348,68.42,76.45,2,50,11,16.88,12.42,0,11.8,5.3,0
206,255120,3445.2,1,79.25,78.26,68.98,2.48,1987865.0,7.54,485838,53.15,73.77,1,47,24,16.83,15.09,0,6.5,4.7,0
207,368390,7540.12,0,55.9,84.6,81.15,4.35,2109410.0,8.9,537492,41.64,71.81,1,58,27,21.93,15.14,0,6.1,4.2,0
208,302240,5935.89,1,71.44,79.7,79.79,5.09,1886101.0,8.54,545939,60.35,73.05,1,36,16,23.78,12.77,0,2.3,1.0,0
209,312730,5387.52,1,82.6,86.83,82.86,3.85,2236616.0,9.45,540168,55.99,72.5,1,37,19,17.56,15.48,0,9.5,6.0,0
210,418800,5225.8,1,73.0,93.52,85.66,5.4,2130113.0,4.43,535244,55.39,72.26,1,43,22,26.41,11.14,0,11.2,7.7,0
211,236730,4546.62,1,86.91,94.82,74.96,1.67,1971055.0,10.85,514905,57.97,69.85,0,29,17,19.84,12.32,0,16.4,11.2,1
212,330470,5546.06,1,92.04,86.79,77.87,2.95,1814694.0,9.79,499318,56.39,71.44,1,40,16,18.28,14.32,0,11.3,7.6,0
213,350760,6103.74,1,74.76,90.69,80.69,1.71,2072967.0,6.46,528310,56.86,71.99,1,30,20,21.45,13.98,0,13.7,7.9,1
214,376380,4760.83,1,76.02,83.47,83.86,5.23,1901878.0,5.29,517119,55.63,73.57,1,42,20,24.62,9.54,0,8.4,5.3,0
215,627770,169.89,3,98.41,97.47,98.08,8.27,3235097.0,8.24,667447,60.17,80.93,2,88,20,41.78,10.66,0,7.2,9.9,0
216,99770,364.92,2,90.74,73.54,83.52,3.8,2021608.0,3.0,491568,78.39,77.2,2,52,11,23.17,15.75,0,3.1,1.4,0
217,379130,3774.5,1,82.33,85.49,80.78,4.13,1389032.0,11.46,548200,47.3,73.17,1,50,19,22.31,6.22,1,14.7,6.2,0
218,797429,17071.33,0,80.59,76.72,69.73,3.23,2105053.0,13.15,444881,35.46,70.8,0,52,33,10.32,6.3,0,20.1,8.3,1
219,633779,6763.91,1,90.78,82.91,85.58,3.92,1487470.0,10.93,467396,62.21,72.33,1,64,22,13.32,6.13,0,17.5,11.1,1
220,444949,4333.07,1,86.16,78.55,70.19,3.41,1597063.0,15.0,547203,55.24,72.15,1,84,33,18.13,5.41,0,7.9,4.1,0
221,407694,6122.59,1,89.34,93.15,74.5,1.95,1694338.0,14.13,564151,73.55,70.52,0,57,20,15.17,8.12,0,20.1,11.4,1
222,644386,14550.79,0,85.58,90.97,83.52,2.58,2415678.0,14.9,593258,61.65,71.3,1,73,29,11.37,4.58,0,16.0,9.6,0
223,874210,12262.76,1,80.66,91.22,74.53,3.35,2397537.0,9.58,509264,63.7,70.67,0,61,35,16.15,4.48,0,17.1,11.0,1
224,424190,3412.72,1,80.18,76.51,63.2,1.81,1167018.0,10.36,413228,52.61,69.05,1,23,19,7.59,10.47,0,12.9,11.4,1
225,668035,4369.25,1,96.92,90.01,88.25,3.96,1322883.0,9.99,410548,47.81,73.05,1,54,22,15.48,8.4,0,8.7,7.5,0
226,431043,2302.86,1,75.1,76.55,76.17,2.1,1639946.0,13.28,571657,59.43,72.01,1,44,26,13.97,8.55,0,16.7,7.9,1
227,342178,2234.1,1,65.94,68.45,67.81,3.09,1364698.0,11.8,411191,58.92,69.07,1,41,10,9.64,12.35,0,18.9,12.5,1
228,202681,1842.56,1,91.18,92.79,95.22,3.99,1455086.0,10.91,487341,67.98,68.78,0,17,9,8.98,8.28,0,10.2,6.8,0
229,195962,5937.8,0,86.25,73.43,68.57,5.11,1968165.0,18.26,604903,69.55,69.63,0,22,9,13.74,7.49,0,18.5,15.9,1
230,1706371,352.51,3,96.71,93.17,95.16,7.49,2321726.0,10.22,643356,64.4,81.72,2,241,40,36.62,4.59,0,16.1,11.5,0
231,200673,447.31,3,95.69,92.39,96.44,5.05,1552232.0,11.23,649951,73.47,78.07,2,44,9,40.64,8.09,0,12.5,9.1,0
232,147836,625.91,1,88.58,83.15,61.28,2.71,1865778.0,8.88,408917,81.74,73.25,1,33,7,20.51,10.23,0,8.4,5.3,1
233,242976,367.73,3,97.52,91.3,86.05,5.64,2373799.0,12.65,583867,78.68,78.36,1,39,10,27.98,7.84,0,13.8,9.0,0
234,171500,1220.21,1,62.72,90.52,83.81,3.56,1620519.0,17.51,467762,50.01,74.06,1,49,13,17.6,9.16,0,9.8,14.9,1
235,285700,1548.99,1,56.37,90.0,64.41,2.94,2050221.0,14.79,566433,60.77,74.43,1,61,23,12.32,11.66,0,12.5,5.3,1
236,306700,4481.99,1,84.11,88.22,82.84,3.33,1972109.0,11.29,459171,60.72,72.27,1,42,28,20.73,7.49,1,14.2,7.1,1
237,131100,2608.91,1,84.18,90.78,86.43,3.81,1793447.0,17.83,415715,70.34,70.92,1,45,16,18.25,9.52,0,9.5,5.4,0
238,215100,2432.81,1,70.93,90.38,87.17,2.68,1600361.0,18.0,478617,54.45,70.27,1,55,22,25.53,9.06,0,14.8,5.8,1
239,198800,4138.68,0,75.45,94.78,80.94,3.14,2513027.0,10.76,534660,57.68,73.0,1,31,17,33.04,4.86,1,14.1,14.3,1
240,110300,1666.62,1,59.7,77.51,55.62,2.72,1391866.0,11.15,507046,48.86,72.95,1,22,13,14.85,9.94,0,5.2,8.2,0
241,154700,749.39,1,62.14,91.63,69.25,2.41,1574808.0,14.12,465292,46.88,71.38,1,35,13,18.92,13.17,0,11.3,2.6,1
242,121100,1132.3,1,50.44,87.15,83.07,3.2,1815248.0,9.4,549468,60.38,70.81,1,38,20,35.29,7.89,0,12.2,8.6,1
243,391100,150.31,3,93.38,95.6,93.94,5.04,2254892.0,14.71,810507,60.53,83.38,2,113,20,41.87,9.81,0,4.5,4.1,0
244,312430,2116.01,1,63.16,97.61,83.95,2.25,1381792.0,11.17,530803,63.08,71.72,1,45,17,11.92,8.5,0,13.5,4.9,1
245,662540,2901.98,1,63.71,86.5,67.82,3.35,1320125.0,10.52,463925,49.04,69.93,0,71,25,6.57,9.19,0,13.0,6.5,0
246,1105000,2218.84,3,89.85,94.39,95.58,4.95,1673470.0,12.79,508494,45.76,71.55,0,71,35,13.95,7.61,0,11.0,7.1,0
247,1142580,3867.43,2,85.51,95.57,84.16,3.09,1674350.0,13.8,465856,43.61,72.44,1,48,37,14.97,10.59,0,13.3,6.3,0
248,1508330,4548.93,2,85.89,91.6,80.2,3.25,1489979.0,10.65,503645,44.58,73.39,0,77,42,18.3,9.35,0,14.8,7.0,0
249,653850,2656.39,1,67.73,95.74,80.23,5.73,1564167.0,17.17,510098,43.04,70.78,1,72,27,8.81,10.28,0,18.0,7.4,1
250,491110,3531.1,1,69.07,90.14,78.48,3.07,1743659.0,11.02,433471,54.87,70.51,0,60,11,12.12,7.11,0,16.4,10.2,1
251,445170,3107.47,1,84.62,91.19,84.49,3.46,1716040.0,8.04,522396,59.58,71.56,0,32,20,18.92,8.44,0,10.9,9.9,0
252,494280,1279.6,2,87.49,91.2,88.73,4.76,1376401.0,12.89,491249,57.75,69.46,0,26,13,8.29,8.43,0,6.3,5.2,0
253,419590,614.97,3,95.64,92.71,88.72,4.66,1222457.0,9.14,555787,51.81,73.11,1,53,12,17.64,10.82,0,16.3,8.8,0
254,237940,2200.51,1,81.39,92.81,81.14,2.46,2016626.0,6.73,525183,56.3,67.79,0,18,8,12.2,8.75,0,2.9,3.1,0
255,295480,1281.45,1,59.03,96.75,77.09,3.89,1727556.0,7.25,511418,64.11,69.38,0,39,11,16.9,8.07,0,9.7,7.1,0
256,169750,2993.8,1,67.78,86.42,79.23,3.47,1629069.0,13.49,545538,52.89,70.4,1,29,12,10.28,7.23,0,11.5,10.3,0
257,1202070,183.72,3,98.06,97.02,92.85,7.43,2023694.0,7.77,761790,66.28,79.86,2,85,29,31.62,7.43,1,8.6,8.4,0
258,173870,73.21,3,95.85,92.93,98.89,3.06,1792409.0,7.28,480830,92.86,79.85,2,42,11,35.71,8.38,0,9.1,8.2,0
259,337900,3016.85,1,73.64,96.04,97.26,5.03,2301058.0,4.32,685810,81.01,74.34,1,66,12,44.57,13.4,1,13.9,11.0,1
260,189200,2270.71,1,87.09,91.19,92.62,4.14,2643859.0,6.46,896948,74.27,74.49,1,25,10,26.47,13.14,1,12.3,5.1,1
261,212900,2851.41,1,82.26,93.7,90.87,4.77,2372653.0,2.71,681517,78.87,71.13,1,40,7,24.26,13.79,0,16.0,8.5,1
262,207400,2259.98,1,85.02,96.97,92.97,3.88,2259314.0,5.29,814969,72.49,72.36,0,25,9,18.9,14.51,1,15.3,8.6,0
263,205800,3598.24,1,73.72,92.6,89.27,4.84,2448931.0,3.11,669016,73.97,69.67,0,34,10,20.41,13.08,0,13.3,7.4,1
264,131300,2588.4,1,75.83,92.98,90.03,2.41,2637568.0,6.73,899482,83.04,73.31,1,23,8,23.78,12.24,0,12.3,7.2,0
265,227300,104.54,3,95.65,99.49,95.35,5.76,2999816.0,4.27,894224,71.83,80.45,2,42,9,51.53,12.74,1,9.7,5.9,1
266,260600,930.45,2,87.91,96.47,96.85,6.02,2378298.0,5.95,468332,59.48,74.7,1,24,14,43.33,14.7,0,13.4,6.2,0
267,165900,1317.15,1,84.47,91.32,86.74,5.43,1950813.0,5.9,474674,70.35,77.5,1,30,16,35.35,15.28,1,15.4,9.8,1
268,84600,1999.16,0,88.52,93.97,76.56,4.05,1883825.0,5.25,480103,82.45,78.23,1,43,13,27.97,15.94,0,14.6,8.7,0
269,101000,2210.82,0,84.6,90.08,70.13,3.52,1751915.0,11.26,540936,72.15,72.23,0,20,13,23.2,24.11,0,14.8,10.2,1
270,49100,627.03,1,28.96,93.83,30.46,2.55,2650782.0,6.95,481718,73.67,72.8,0,23,10,28.75,13.71,0,13.8,8.6,0
271,1256600,1034.73,3,95.94,96.31,94.45,8.14,3593241.0,5.02,854465,50.68,82.64,2,70,19,53.09,7.53,0,11.5,5.3,0
272,234800,150.37,3,93.77,95.72,92.69,4.76,2524549.0,7.95,771584,68.73,81.14,2,27,7,47.68,10.07,0,14.1,7.5,0
273,323500,849.13,2,96.02,81.42,96.05,2.52,1434656.0,4.96,496435,56.0,74.8,1,35,10,17.93,7.6,2,6.9,3.2,0
274,466100,849.31,3,98.41,89.94,95.56,2.64,2158799.0,4.7,562801,53.96,77.87,1,79,20,38.26,3.15,0,6.7,3.3,0
275,563300,398.75,3,99.52,95.53,98.98,2.72,3445410.0,2.3,688018,72.7,83.0,2,68,13,27.59,1.23,0,3.5,1.7,0
276,524000,364.36,3,99.88,90.15,99.0,2.96,2189584.0,4.47,468307,54.8,79.69,1,67,13,42.22,1.66,0,5.8,2.3,0
277,208700,313.96,3,98.64,88.65,97.7,1.29,1712324.0,5.61,384983,61.07,74.18,1,43,9,21.65,4.94,0,3.7,1.4,0
278,261400,526.76,3,96.32,67.42,91.58,0.75,1868109.0,5.28,436928,54.94,71.99,1,49,12,23.98,3.71,2,4.3,1.7,0
279,500000,839.32,3,100.0,69.59,90.55,2.61,1245606.0,6.56,404083,55.85,70.09,0,45,12,15.86,8.43,4,6.1,2.4,0
280,808900,1322.68,3,95.49,80.44,90.99,3.6,1740109.0,5.85,537262,65.0,74.87,1,71,20,16.2,7.64,1,5.4,5.1,0
281,748400,125.87,3,99.84,93.56,99.92,2.85,3313934.0,2.68,778203,71.92,84.68,2,190,11,49.34,1.7,0,7.3,6.5,0
282,28925,10.73,3,87.66,89.27,85.66,8.47,1738765.0,14.11,743820,82.49,72.79,2,8,6,98.88,3.91,0,16.8,8.9,1
283,2244623,144.94,3,98.95,89.98,95.45,5.63,3482955.0,3.52,891580,72.39,85.21,2,327,60,85.43,2.51,0,8.5,6.8,0
284,3083883,185.54,3,98.81,91.35,94.32,8.39,3168436.0,4.3,669713,69.89,83.45,2,304,63,84.79,3.71,0,11.7,8.0,0
285,1079995,47.56,3,98.83,75.25,92.35,5.88,3557990.0,4.9,784679,79.1,82.11,2,376,37,89.87,3.82,0,11.6,8.8,0
286,2448975,125.0,3,99.31,88.46,91.65,7.1,4203279.0,4.22,657247,67.86,82.51,2,266,53,86.13,2.8,0,12.7,7.8,0
287,1793550,147.46,3,98.0,85.38,88.92,8.04,7211579.0,7.24,684557,69.31,80.81,2,147,31,85.38,4.78,0,14.0,9.4,0
288,5566840,2991.78,3,92.28,85.77,73.47,10.64,2030305.0,7.73,482174,38.19,71.2,2,273,109,29.03,7.03,1,16.6,7.2,1
289,2806660,4164.15,3,85.7,83.71,63.32,7.77,1890323.0,7.34,392705,55.6,67.64,0,123,60,9.17,7.42,0,16.2,5.8,1
290,2542790,3631.92,3,80.79,78.96,61.76,8.41,1413799.0,10.55,437327,28.13,65.94,0,79,47,7.74,9.54,0,10.8,4.2,0
291,3718660,1740.84,3,93.79,88.55,70.85,6.98,2046094.0,6.8,426069,53.7,73.16,1,215,63,22.46,8.3,0,14.0,2.9,1
292,2627220,3101.24,3,78.15,77.05,51.9,7.6,1577196.0,10.42,367681,49.21,67.41,0,91,68,7.96,7.74,0,13.1,3.8,1
293,1906290,2705.86,3,89.35,76.59,54.39,4.17,1258220.0,10.73,378958,52.48,66.84,0,68,40,7.85,10.45,0,13.3,2.4,1
294,1247770,1595.94,3,93.8,88.12,75.5,3.75,1379048.0,7.72,442108,62.85,71.45,0,73,36,12.68,6.74,0,14.1,7.1,0
295,1196020,1192.9,3,95.51,91.41,69.29,9.81,1585507.0,12.76,402767,53.96,70.16,0,78,38,16.52,6.63,0,13.4,5.5,0
296,2315420,1071.95,3,94.99,77.99,86.76,8.11,1835970.0,12.01,451853,51.54,70.06,0,153,63,16.58,9.04,0,19.7,9.3,0
297,1335460,1330.17,3,95.7,90.34,81.26,4.16,1518006.0,11.94,520713,58.47,68.56,0,82,32,14.67,9.88,0,16.1,7.7,1
298,1167030,1566.2,3,95.84,90.12,80.59,7.72,1601751.0,10.14,396573,61.26,72.69,0,70,35,17.64,7.43,0,15.7,3.7,1
299,1871830,2076.06,3,95.25,81.39,86.64,6.49,1901275.0,12.77,532545,73.78,68.55,0,75,49,14.2,5.99,0,19.1,9.2,1
300,1624390,2165.55,3,98.01,92.2,80.02,7.77,1948730.0,9.75,404320,47.63,69.87,0,76,40,18.34,7.06,0,12.5,7.8,0
301,1028570,993.09,3,92.59,93.03,82.46,8.75,1957779.0,8.7,434187,55.55,71.56,0,72,20,25.72,6.72,0,14.1,6.6,1
302,2505250,1913.71,3,98.19,85.42,85.1,9.87,2334853.0,8.44,555889,46.12,71.74,2,135,51,31.78,6.73,0,13.7,7.2,0
303,3214790,1251.02,3,94.86,92.61,89.99,10.31,2404396.0,5.01,632811,36.4,75.22,2,230,50,22.98,4.3,2,8.1,8.4,0
304,1846970,1283.44,3,86.6,88.3,50.96,9.63,1775068.0,10.82,426355,53.6,69.04,0,95,33,18.07,7.81,0,15.7,4.1,1
305,432380,1128.18,2,84.14,90.04,83.0,1.56,1367906.0,9.32,447242,44.85,69.03,0,44,15,0.99,5.77,0,13.9,4.9,1
306,1063510,111.37,3,98.73,91.14,67.93,10.78,2493000.0,7.1,661384,52.0,77.17,2,207,24,32.73,5.35,0,13.0,5.5,0
307,356410,48.31,3,97.82,94.18,45.8,8.83,2012715.0,8.02,644276,82.15,75.4,2,47,15,28.3,8.46,0,14.2,7.2,0
308,2461550,166.59,3,99.03,82.35,49.85,9.55,2325257.0,4.25,591124,75.7,82.5,2,350,71,32.57,4.55,0,12.5,4.2,0
309,341240,39.44,3,99.05,85.36,90.62,8.42,1849590.0,9.82,520579,87.75,75.89,2,88,21,27.63,7.97,0,17.6,12.6,0
310,2590260,213.04,3,98.28,95.2,90.8,8.81,3014772.0,4.43,795965,51.79,82.46,2,279,43,44.8,3.33,0,15.0,5.6,0
311,2123350,199.91,3,99.44,98.9,96.21,7.82,2895486.0,2.53,804984,74.44,81.86,2,125,37,45.81,2.15,0,12.1,6.1,0
312,575240,42.43,3,97.81,87.4,77.18,10.77,2275948.0,5.11,590197,57.78,78.77,2,75,12,45.85,4.63,0,9.9,2.8,0
313,733470,183.94,3,96.81,86.1,52.62,6.62,1727815.0,12.72,537497,76.45,73.83,0,80,23,13.35,7.92,0,13.0,5.5,1
314,206460,131.01,3,97.67,92.91,88.26,5.53,1397678.0,6.73,408710,68.56,72.55,0,43,10,16.93,6.4,0,12.8,6.2,0
315,1988622,2323.93,3,90.56,89.05,79.1,9.62,1046090.0,11.02,419429,45.5,70.99,0,94,38,12.01,16.69,0,15.8,7.6,0
316,1806013,1391.15,3,90.03,90.08,79.8,6.05,1059036.0,12.84,479027,52.57,73.17,0,157,39,24.17,11.93,0,14.0,5.9,0
317,1019840,805.76,3,88.61,90.86,78.56,5.23,1020756.0,15.3,439208,54.69,69.54,0,58,22,14.14,13.24,0,16.1,6.5,1
318,1038718,1144.9,3,89.21,85.22,51.66,6.38,1027275.0,15.2,380046,60.84,68.61,0,97,35,9.76,14.37,0,12.1,3.5,1
319,1376825,1334.1,3,87.38,92.48,93.49,5.92,946706.0,16.41,451678,71.8,70.79,0,93,35,14.83,12.46,0,17.1,6.3,1
320,778257,1081.96,3,89.1,89.12,80.21,4.45,936413.0,11.53,427622,35.88,73.6,2,63,27,21.58,16.57,0,18.4,8.9,1
321,896346,1011.62,3,90.28,89.55,55.3,5.01,1004002.0,16.17,425105,63.81,68.89,0,57,24,12.46,14.92,0,12.5,3.9,1
322,1312573,1129.98,3,94.65,87.09,80.49,4.97,974178.0,11.09,411129,61.88,70.85,0,69,28,14.6,15.84,0,16.9,3.9,1
323,1079952,1096.59,3,96.36,88.14,92.4,4.92,1307210.0,9.82,420339,45.58,74.97,2,75,24,23.28,14.24,0,17.5,7.4,1
324,1275850,701.5,3,97.97,91.42,95.0,4.31,1356181.0,12.33,488102,43.57,76.95,2,130,36,27.63,15.45,0,16.1,6.2,0
325,916627,493.53,3,99.45,90.36,96.14,2.47,1566507.0,7.61,476675,70.5,77.94,2,94,12,33.57,12.74,0,18.0,9.5,0
326,1057087,1905.74,3,94.67,94.58,94.62,1.95,1034585.0,10.99,414901,55.63,71.04,0,84,40,15.21,12.82,0,12.9,5.3,0
327,947642,803.05,3,98.18,96.13,96.32,5.7,1349950.0,9.85,465703,66.57,76.58,2,60,21,24.95,10.68,0,15.0,5.8,1
328,992243,994.57,3,96.85,91.7,93.08,4.69,1338235.0,12.94,426482,47.01,74.65,0,89,25,19.21,11.8,0,21.1,10.8,1
329,1470150,2023.85,3,81.85,84.32,87.93,4.4,1586556.0,11.8,464614,40.45,70.97,0,84,31,11.64,15.88,0,17.3,9.3,0
330,888224,1957.29,3,93.39,88.45,91.52,3.7,1087942.0,11.53,425135,64.27,69.95,0,77,26,14.13,15.49,1,21.7,8.1,1
331,650770,1037.54,3,96.43,92.03,92.92,1.76,1300162.0,14.65,477514,58.74,71.0,0,73,17,9.82,11.22,0,21.8,9.9,1
332,1339572,1572.9,3,96.67,93.67,93.8,4.45,1537447.0,9.33,532545,45.22,73.14,0,95,29,24.5,9.83,0,21.2,10.3,1
333,856472,447.44,3,95.7,95.11,92.78,3.21,1551767.0,7.41,520830,64.63,75.89,2,62,18,32.56,11.72,0,22.9,15.8,0
334,1192811,1020.25,3,83.46,87.84,68.14,4.1,1356300.0,6.88,479131,58.78,73.15,1,70,22,13.93,12.11,0,19.8,11.4,0
335,1223217,977.77,3,93.64,93.57,91.64,6.11,1681186.0,12.09,511145,50.8,73.36,0,57,26,17.49,9.0,0,22.3,11.8,0
336,1068492,1019.27,3,93.7,92.74,85.91,4.81,1314779.0,7.27,498952,54.94,74.67,2,86,26,27.35,10.61,0,12.4,3.2,0
337,799764,864.83,3,94.15,93.28,75.3,2.54,1095794.0,9.33,388369,55.7,70.77,0,50,25,12.46,14.99,0,18.8,6.1,1
338,1033367,1008.12,3,95.15,91.44,82.65,7.34,1297523.0,9.48,465936,55.72,73.19,0,87,28,20.52,13.87,0,17.1,10.1,0
339,813791,857.27,3,93.63,93.52,67.29,6.64,1416484.0,8.98,378858,49.9,69.45,0,54,21,10.31,10.23,0,17.0,5.0,1
340,986455,892.91,3,91.59,85.2,77.8,3.23,1295444.0,9.67,480934,47.58,70.81,0,66,27,12.42,7.8,0,21.9,10.3,1
341,1500754,1137.41,3,95.56,89.66,77.69,6.63,1415145.0,15.06,467204,52.05,67.19,0,78,25,12.05,11.54,0,16.8,7.0,0
342,1623595,983.9,3,99.32,83.98,85.82,9.64,1256737.0,7.9,470728,70.65,69.53,0,77,31,18.99,12.18,0,19.4,8.2,1
343,2010617,1742.81,3,89.67,86.26,80.72,9.48,1234677.0,16.05,513339,62.51,67.03,0,93,38,11.66,11.0,0,21.9,8.7,1
344,121675,18.56,3,99.71,90.9,82.27,6.71,1308809.0,7.1,602794,93.11,80.39,2,42,5,39.22,9.48,0,12.1,6.0,0
345,523008,46.72,3,98.68,80.21,87.49,5.83,1246542.0,8.84,600953,76.41,83.08,2,142,17,26.74,9.52,0,15.5,7.1,0
346,195065,54.98,3,98.04,92.3,97.72,5.58,1395393.0,4.73,565031,94.48,84.35,2,41,6,47.27,5.97,0,11.7,5.4,0
347,1659975,370.0,3,99.36,88.16,92.45,7.6,1796349.0,4.25,642456,68.69,84.08,2,277,33,36.64,7.08,0,13.5,6.2,0
348,309742,46.2,3,99.96,81.4,86.82,4.98,1185523.0,7.0,565998,76.26,75.9,2,35,14,22.31,8.41,0,26.5,15.2,1
349,278299,39.08,3,99.41,90.15,93.58,6.68,1393917.0,7.91,623617,58.89,76.15,2,41,8,31.03,9.07,0,24.0,18.7,0
350,451342,557.224,3,88.4,92.25,96.43,2.8,1068418.0,16.39,416870,84.88,75.46,1,73,21,18.21,19.09,0,17.4,7.7,0
351,1013170,511.706,3,96.89,86.97,96.05,3.97,1604550.0,12.27,488340,68.6,80.69,1,151,27,23.39,11.42,0,15.6,8.9,0
352,70883,1475.147,0,97.17,93.24,96.57,2.08,937719.0,15.86,382249,73.54,70.96,0,69,30,10.27,22.85,0,20.2,6.6,1
353,147562,573.749,2,97.52,87.82,97.42,4.78,1839195.0,7.74,491652,68.9,84.31,2,228,27,42.03,8.08,0,12.3,6.4,0
354,78913,32.819,3,98.79,74.2,92.82,7.18,1713758.0,6.62,662267,90.54,87.69,2,103,15,30.32,12.06,0,11.8,7.8,0
355,592916,1433.59,3,83.95,95.21,72.64,2.04,1023479.0,13.8,352606,65.16,69.37,0,74,25,8.88,15.38,0,13.9,5.2,1
356,964253,1418.62,3,91.5,89.67,86.77,5.51,1183398.0,9.32,395069,58.06,71.87,0,74,33,10.89,11.11,0,9.9,5.8,0
357,739669,1249.23,3,81.23,88.69,79.27,5.37,1250116.0,10.96,411527,84.17,71.0,0,88,23,9.23,14.27,0,15.4,5.6,0
358,1105337,1144.53,3,96.39,89.5,83.6,6.65,1617584.0,6.71,423875,58.4,74.06,0,114,31,12.92,9.45,0,12.9,5.1,0
359,1240322,1745.16,3,96.37,90.51,80.11,5.45,1257370.0,8.71,387733,69.95,71.86,0,85,24,12.19,12.76,0,12.8,5.5,0
360,1656020,1523.56,3,92.17,92.02,88.68,6.83,1317081.0,10.65,385874,66.53,73.46,0,148,40,12.67,9.97,0,18.7,7.0,1
361,2685900,3473.44,3,96.02,90.37,81.8,6.57,1579110.0,9.55,399647,48.83,71.38,0,196,42,17.85,13.2,0,13.4,3.2,1
362,1137227,1797.1,3,97.35,84.18,77.99,4.97,1579105.0,9.06,386995,53.87,66.95,0,99,25,7.16,9.25,0,20.1,6.9,1
363,2567718,3313.46,3,95.4,66.38,65.95,4.06,1260690.0,9.39,441171,37.67,67.97,0,209,50,11.47,14.09,0,24.1,12.7,1
364,1731731,3592.9,3,95.97,84.19,78.07,5.26,1626677.0,7.51,448928,65.58,71.94,0,104,45,13.64,11.09,0,17.3,7.0,0
365,781417,1554.99,3,93.31,50.75,51.64,4.32,977552.0,13.47,494000,64.28,67.31,0,67,27,11.34,16.87,0,25.4,7.7,1
366,691260,1653.72,3,99.22,48.06,54.52,3.38,1365973.0,11.78,396587,62.81,68.25,0,87,23,11.23,19.65,0,22.1,8.8,1
367,1159965,1724.51,3,95.92,70.55,62.36,3.25,1532276.0,17.12,514274,35.92,66.96,0,73,36,9.28,13.68,0,17.0,7.4,0
368,1619035,1493.29,3,96.9,88.15,83.4,5.91,1556540.0,8.96,429624,47.66,69.68,0,92,35,13.24,11.57,0,18.0,7.1,1
369,2103401,724.04,3,95.86,93.91,89.54,8.8,3837977.0,5.36,571696,54.83,81.02,2,191,28,44.24,6.34,0,17.8,9.6,0
370,1133584,984.64,3,97.05,91.07,89.87,4.83,1812875.0,9.71,486520,72.12,74.89,2,101,26,29.41,7.65,0,11.7,5.6,0
371,1335972,1109.84,3,99.07,92.16,93.67,5.47,1419701.0,9.04,488754,49.18,74.05,2,145,33,22.06,9.63,0,17.1,8.8,1
372,1117033,1289.07,3,98.67,86.18,83.36,4.74,1380078.0,10.7,513565,75.83,72.93,0,65,21,10.51,11.11,0,17.3,6.9,1
373,757665,1113.63,3,94.79,86.88,89.4,5.84,1302548.0,10.79,437296,48.87,72.39,0,61,27,13.43,14.09,0,15.9,8.6,0
374,678343,706.44,3,98.71,92.86,91.01,4.33,1397095.0,9.84,431203,55.12,74.85,0,54,22,19.49,9.67,0,12.1,5.1,0
375,877432,1395.8,3,99.16,85.26,84.26,2.48,1326310.0,14.15,413947,65.31,71.75,0,89,24,15.21,14.87,0,18.4,9.6,1
376,1315125,2312.63,3,96.51,90.95,91.01,4.69,1500194.0,12.21,435936,52.66,70.12,0,85,41,11.33,10.39,0,18.6,7.4,1
377,1209543,1973.5,3,97.51,81.16,80.99,4.54,1727407.0,15.02,454336,55.44,69.67,0,63,36,12.78,7.59,0,19.2,7.1,1
378,1371509,1752.71,3,78.56,94.98,90.66,6.05,1758810.0,12.53,481969,63.86,74.02,0,95,36,16.16,5.91,0,21.5,9.1,1
379,1332664,1256.36,3,91.5,97.04,90.29,7.84,2408227.0,11.06,588316,54.51,77.16,2,109,34,27.75,6.6,0,11.2,6.4,0
380,1086620,1301.03,3,93.91,77.75,53.48,8.05,1509388.0,19.44,503207,53.92,65.05,0,44,27,7.63,14.61,0,19.7,8.8,1
381,984162,1228.25,3,93.25,77.11,79.33,3.11,1208241.0,21.61,454716,79.66,63.39,0,60,22,1.76,13.44,0,6.9,3.8,0
382,857818,795.15,3,95.24,75.38,65.95,1.4,1438215.0,13.93,431127,75.02,66.99,0,62,21,6.11,12.63,0,6.0,3.4,0
383,1136632,2084.02,3,94.6,68.34,67.68,1.36,1779956.0,18.76,471860,47.09,67.87,0,83,29,5.62,3.72,0,17.5,10.7,1
384,289418,67.23,3,99.77,88.79,95.87,4.38,1760110.0,7.23,587723,63.16,79.59,2,77,10,25.95,6.41,0,14.0,7.9,0
385,151960,33.2,3,99.1,93.96,95.91,5.39,1497648.0,7.37,568280,80.75,79.93,2,38,3,28.42,7.21,0,12.8,5.5,0
386,846126,111.08,3,96.76,93.67,82.61,7.66,1880789.0,4.37,674660,94.22,82.71,2,229,16,40.32,6.7,0,15.7,6.6,0
387,243200,54.68,3,100.0,86.93,89.27,4.57,1799840.0,6.65,628380,82.9,74.56,2,31,6,26.62,6.77,0,19.9,12.4,1
388,211497,39.0,3,100.0,89.55,89.32,6.18,1459948.0,6.37,529512,84.38,76.54,2,33,8,29.82,6.72,0,21.4,12.4,1
389,134350,20.22,3,98.65,96.03,95.59,5.05,1858312.0,5.98,581006,80.03,79.32,2,50,6,32.31,5.79,0,9.5,5.6,0
390,199192,36.13,3,98.54,92.01,95.38,6.39,1658076.0,4.76,605131,93.94,82.01,2,67,7,29.84,6.82,0,11.6,6.6,0
391,2887223,335.93,3,95.66,85.1,96.41,7.62,2720805.0,4.72,718370,84.32,82.74,2,510,62,27.58,4.37,0,7.5,6.1,0
392,216735,194.17,3,99.12,96.81,94.37,8.43,1916382.0,3.79,613985,83.0,77.22,2,35,5,39.06,6.09,0,12.6,3.4,1
393,1298850,2771.414,3,77.27,71.97,62.14,9.24,1532744.0,9.32,455297,51.77,65.84,0,57,39,4.94,4.39,0,24.2,9.8,1
394,1417350,3312.18,3,73.27,75.11,67.4,8.55,1496958.0,8.91,419066,50.26,64.71,0,46,44,0.79,3.45,0,18.9,6.4,1
395,3321650,1027.757,3,98.55,89.81,86.63,7.88,2383856.0,6.92,604362,49.93,72.97,2,171,43,37.66,2.28,0,18.9,9.3,1
396,1661370,1469.908,3,91.91,84.38,82.38,10.61,1774771.0,4.96,425751,47.83,67.75,0,53,32,17.79,2.9,0,19.7,8.4,1
397,1931640,178.347,3,95.58,94.84,94.43,7.16,2875167.0,5.77,746468,54.25,78.9,2,192,37,35.28,1.71,0,11.4,4.8,0
398,445060,162.514,3,99.08,89.97,87.72,8.1,2132249.0,3.64,632703,58.16,73.95,2,41,9,37.79,2.04,0,19.8,12.8,0
399,712410,265.787,3,97.61,86.61,91.55,8.17,2328764.0,5.94,511575,46.76,72.98,0,51,16,23.75,2.42,0,21.2,11.4,1
400,1378710,164.86,3,98.64,97.93,97.56,6.59,4204667.0,2.5,782543,54.69,81.95,2,190,29,48.9,1.5,0,9.1,4.9,0
401,28240,10.18,3,93.97,92.95,83.75,8.58,1938617.4,15.06,701088,82.49,72.1,2,9,6,98.42,2.86,0,20.4,7.7,0
402,2233855,154.32,3,89.23,90.47,96.51,7.33,2575959.43,3.56,842630,72.39,84.9,2,257,60,87.08,1.5,0,11.8,4.8,0
403,3056300,182.7,3,91.17,92.79,96.73,8.23,2530202.31,4.28,630842,69.89,82.97,2,276,63,84.48,2.18,0,13.1,8.7,0
404,1066460,52.38,3,98.5,67.78,89.56,7.75,2593224.37,4.94,733176,79.1,81.56,2,313,37,86.51,1.97,0,13.2,4.8,0
405,2440073,124.44,3,97.85,87.21,97.75,9.06,2711186.59,4.31,599514,67.86,81.76,2,223,53,87.32,1.78,0,13.3,6.6,0
406,1784753,139.99,3,99.63,80.82,90.61,9.84,2849107.24,7.24,645431,69.31,80.51,2,153,31,82.18,2.18,0,16.7,7.0,1
407,5489540,2710.62,3,91.83,83.56,63.91,12.22,1585631.0,8.13,443787,38.19,70.6,1,179,107,27.65,4.06,2,12.5,4.2,1
408,2761480,4145.7,3,81.34,82.0,64.35,9.51,1420899.0,7.7,357636,55.6,67.07,0,111,179,12.52,4.89,0,15.1,3.3,1
409,2506680,3840.16,3,86.25,78.71,58.52,9.32,1132936.0,11.18,406829,28.13,65.56,0,84,113,7.37,4.75,0,14.1,2.9,1
410,3666160,1767.96,3,99.07,82.97,64.51,8.32,1425126.0,7.15,398884,53.7,72.73,1,203,71,20.06,5.07,0,15.5,3.0,1
411,2604790,3074.07,3,77.35,72.19,43.73,8.68,1183039.0,10.65,335134,49.21,66.45,0,67,156,7.11,4.06,0,20.0,4.5,1
412,1883730,2551.19,3,85.26,73.18,49.35,6.16,1033127.0,11.15,347917,52.48,65.9,0,62,167,9.64,5.64,0,11.6,4.1,1
413,1237730,1414.71,3,90.12,87.05,66.59,5.06,1128097.0,7.97,405294,62.85,70.93,1,80,87,16.03,5.11,1,15.6,8.3,0
414,1180390,1110.56,3,94.4,87.42,80.98,11.68,1254447.0,13.1,371665,53.96,69.71,1,89,68,17.69,3.51,0,14.9,7.5,0
415,2290970,984.52,3,96.54,70.41,83.41,10.38,1444697.0,12.3,416914,51.54,69.12,0,130,79,16.62,5.41,0,23.0,10.7,1
416,1318970,1204.24,3,96.8,84.27,80.59,5.71,1389497.0,12.33,483319,58.47,67.81,0,60,69,14.9,4.17,1,14.6,7.8,1
417,1159350,1518.33,3,94.16,88.14,87.87,9.18,1331382.0,10.71,371870,61.26,71.8,1,44,66,20.61,4.01,0,14.4,5.4,1
418,1851380,2040.11,3,97.95,77.95,89.75,8.3,1523192.0,13.04,499805,73.78,67.64,0,70,65,14.42,4.28,0,15.1,12.6,0
419,1608590,1893.95,3,98.75,89.36,85.82,9.77,1542242.0,10.03,372308,47.63,69.13,0,52,45,15.33,4.81,0,12.1,6.5,0
420,1011470,825.74,3,81.5,88.8,72.61,10.7,1677346.0,8.83,403663,55.55,70.98,1,62,41,27.22,4.08,0,15.7,5.6,1
421,2468580,1652.2,3,96.63,83.77,77.19,11.83,1743417.0,8.95,521158,46.12,70.94,1,88,57,24.54,3.79,0,15.9,7.4,1
422,3157960,1224.88,3,95.02,91.05,81.02,10.09,1956427.0,5.21,579221,36.4,74.45,1,169,51,34.02,2.26,0,18.2,8.8,1
423,1814230,1305.77,3,92.47,88.27,63.78,11.65,1452663.0,11.3,393956,53.6,68.29,1,57,54,21.02,5.07,0,12.7,1.9,1
424,427610,1010.0,3,80.78,88.22,81.49,3.25,1066741.0,9.65,411174,44.85,68.28,1,24,32,13.07,4.39,0,15.9,6.6,1
425,1052360,118.5,3,98.14,89.59,75.35,11.79,1955010.0,7.24,608949,52.0,76.59,2,105,32,34.13,2.95,0,11.8,2.0,0
426,350800,48.25,3,98.37,87.01,39.64,10.78,1477713.0,8.25,594118,82.15,74.6,2,48,17,30.23,3.65,0,10.9,7.1,0
427,2452940,167.67,3,99.51,77.42,48.9,11.46,1835918.0,4.37,545675,75.7,81.96,2,222,4,34.88,2.82,0,14.2,3.7,1
428,336860,37.36,3,99.34,76.47,92.71,10.53,1272840.0,10.03,485613,87.75,75.25,2,55,7,28.66,4.52,0,21.9,7.1,1
429,2564940,206.61,3,100.0,95.6,97.54,10.88,2019457.0,4.74,731392,51.79,81.95,2,275,4,41.48,1.33,0,10.8,8.7,0
430,2085940,200.29,3,99.52,95.6,97.06,9.76,2018208.0,2.58,744771,74.44,81.37,2,110,4,49.42,1.26,0,10.9,5.7,0
431,571630,39.27,3,97.93,81.42,78.67,13.07,1804478.0,5.35,549450,57.78,78.06,2,79,2,44.07,2.66,0,11.2,3.8,0
432,723920,171.61,3,94.4,87.86,52.62,7.66,1122481.0,13.13,498711,76.45,73.31,1,78,23,14.0,4.17,0,18.4,6.6,1
433,203420,113.49,3,97.21,93.2,81.92,6.09,1124191.0,7.11,373510,68.56,71.92,1,34,9,23.19,3.93,0,15.6,6.0,1
434,1963824,2124.47,3,93.37,84.6,76.42,9.97,1046090.0,11.67,384955,45.5,70.42,0,75,38,11.73,13.53,3,9.7,3.9,0
435,1789630,1335.3,3,91.49,89.05,79.97,6.05,1059036.0,13.66,441520,52.57,72.44,0,125,39,21.1,11.36,0,15.8,6.2,1
436,1007794,677.55,3,85.18,90.39,76.33,6.05,1020756.0,16.24,407849,54.69,69.15,0,59,22,13.67,11.54,0,10.4,3.3,0
437,1026866,1023.73,3,82.61,78.49,40.75,5.86,1027275.0,16.23,351333,60.84,67.86,0,75,35,9.29,12.87,0,8.4,2.3,1
438,1361913,1211.74,3,86.36,89.73,88.99,6.03,946706.0,17.83,416004,71.8,70.05,0,81,35,12.14,12.55,0,13.5,7.5,0
439,773588,1091.49,3,85.99,87.65,79.81,3.59,936413.0,12.4,393731,35.88,72.98,2,58,27,20.86,16.51,0,14.3,8.7,0
440,886613,981.41,3,95.64,89.62,53.27,5.26,1004002.0,17.67,399180,63.81,68.43,0,49,24,11.47,15.73,0,13.0,4.1,1
441,1305512,1102.93,3,94.14,86.62,78.4,5.03,974178.0,11.91,377497,61.88,70.12,0,41,28,13.73,13.75,0,14.8,4.8,1
442,1070247,1008.45,3,93.42,87.34,87.72,5.09,1307210.0,10.62,383030,45.58,74.4,0,57,24,20.4,12.59,0,13.6,5.4,1
443,1267272,658.22,3,97.84,90.97,95.37,5.48,1356181.0,13.49,458872,43.57,76.12,2,108,36,24.64,14.16,0,12.5,7.4,0
444,911603,489.12,3,98.01,91.1,94.27,3.32,1566507.0,8.23,434318,70.5,77.13,2,73,12,28.15,11.54,0,11.8,5.9,1
445,1049292,1793.67,3,98.82,96.33,92.97,2.43,1034585.0,11.55,376763,55.63,70.49,0,76,40,14.98,15.8,0,10.9,4.2,0
446,938808,775.44,3,98.65,95.61,95.38,5.89,1349950.0,10.68,424677,66.57,75.99,2,38,21,23.51,9.93,0,9.7,3.9,0
447,983641,941.54,3,98.33,91.17,89.89,4.76,1338235.0,13.83,389265,47.01,74.08,0,84,25,18.08,10.98,0,13.4,4.1,0
448,1460873,2013.86,3,76.14,87.14,89.37,4.38,1586556.0,12.74,428597,40.45,70.41,0,64,31,11.51,16.85,0,6.3,8.2,0
449,886147,1804.59,3,94.84,91.07,90.51,3.81,1087942.0,12.39,390478,64.27,69.37,0,76,26,15.27,15.35,0,16.1,6.5,1
450,647766,887.13,3,95.36,90.1,89.94,3.67,1300162.0,15.8,441482,58.74,70.43,0,38,17,11.25,13.98,1,20.8,13.0,0
451,1330983,1489.19,3,99.72,93.68,91.67,4.6,1537447.0,10.21,486855,45.22,72.28,0,70,29,20.16,12.96,0,19.2,7.0,1
452,852443,425.15,3,98.9,94.3,93.8,3.77,1551767.0,7.6,482806,64.63,75.16,2,66,18,40.15,10.06,0,16.7,9.5,0
453,1188510,1059.25,3,81.48,87.01,66.59,4.23,1356300.0,7.44,442618,58.78,72.36,0,67,22,15.92,13.64,0,16.0,8.7,1
454,1212377,900.12,3,96.71,90.41,91.38,5.28,1681186.0,12.92,471818,50.8,72.57,0,51,26,15.9,8.02,0,22.7,12.7,1
455,1059844,950.21,3,98.25,90.64,91.01,5.02,1314779.0,7.82,459151,54.94,74.24,0,66,26,29.47,9.68,0,10.0,5.9,0
456,794403,837.71,3,91.87,90.02,68.05,2.62,1095794.0,10.17,354012,55.7,69.88,0,41,25,10.68,16.16,0,12.1,3.5,1
457,1025020,1118.13,3,92.65,92.12,83.81,7.55,1297523.0,10.24,433864,55.72,72.5,0,61,28,21.01,11.72,0,16.7,5.9,1
458,807005,788.65,3,98.38,90.63,66.96,6.59,1416484.0,9.68,341252,49.9,68.92,0,43,21,10.91,9.93,0,14.9,5.6,1
459,976504,837.0,3,96.2,79.42,78.57,4.28,1295444.0,10.57,441765,47.58,70.11,0,68,27,11.9,7.81,0,18.6,10.8,0
460,1484209,1118.03,3,95.14,86.45,77.89,6.71,1415145.0,16.56,429549,52.05,66.56,0,59,25,13.53,10.26,0,15.5,6.1,1
461,1608611,876.1,3,98.87,88.14,84.23,9.97,1256737.0,8.6,434638,70.65,68.79,0,68,31,16.7,9.33,0,18.4,13.8,1
462,1992685,1902.37,3,92.6,87.07,80.1,9.78,1234677.0,17.43,472326,62.51,66.32,0,91,38,11.27,11.3,0,19.0,8.9,1
463,121610,16.06,3,100.0,89.03,84.04,8.73,1308809.0,7.75,575130,93.11,79.43,2,43,5,39.82,10.58,0,12.0,6.8,0
464,522728,46.01,3,99.82,77.32,88.73,7.85,1246542.0,9.4,538441,76.41,82.62,2,114,17,33.48,7.83,0,14.5,6.7,1
465,193525,57.36,3,98.78,87.07,98.07,7.26,1395393.0,5.14,518815,94.48,83.6,2,43,6,42.81,6.54,0,10.0,6.2,0
466,1656564,373.78,3,98.42,88.21,93.67,9.54,1796349.0,4.56,589598,68.69,83.55,2,221,33,43.26,5.69,0,16.2,5.9,1
467,308310,45.25,3,99.28,80.88,94.62,6.89,1185523.0,7.59,513243,76.26,75.4,2,33,14,24.73,7.35,0,16.2,7.6,1
468,275781,39.68,3,100.0,80.68,92.77,8.25,1393917.0,8.12,565826,58.89,75.52,2,41,8,27.73,5.82,0,22.7,9.2,1
469,443283,586.28,3,89.33,91.07,95.95,3.69,854195.0,18.38,381666,84.88,74.71,1,65,21,17.37,13.29,0,13.6,5.1,0
470,998647,506.85,3,96.11,86.79,96.2,4.04,1216144.0,14.04,445511,68.6,80.28,1,118,27,22.26,9.38,0,13.5,6.5,0
471,758168,1485.36,3,94.7,92.01,96.0,2.2,1153709.0,17.69,350739,73.54,70.16,0,57,30,8.91,14.52,0,13.0,6.0,1
472,1136474,574.82,3,96.26,80.09,98.41,5.17,1463222.0,8.64,450763,68.9,84.0,2,206,27,42.82,6.68,0,11.2,5.7,0
473,376324,32.5,3,100.0,69.58,98.17,9.13,1065681.0,7.69,601905,90.54,87.18,2,101,15,29.94,8.3,0,13.6,5.9,0
474,589108,1389.92,3,76.71,95.98,71.7,2.04,925266.0,15.11,327758,65.16,68.57,1,67,25,9.24,11.25,0,17.2,6.2,1
475,955839,1305.7,3,96.3,88.82,87.49,4.38,1010138.0,10.26,362461,58.06,71.06,1,68,33,13.65,9.95,0,13.0,7.5,1
476,734888,1147.22,3,75.78,86.29,75.48,3.53,912331.0,12.14,381448,84.17,70.06,1,84,23,8.39,12.69,0,10.4,3.0,0
477,1096588,1055.65,3,97.4,88.73,85.37,4.91,1082818.0,7.51,391888,58.4,73.15,1,98,31,15.74,8.4,0,11.8,4.3,0
478,1231013,1336.48,3,93.33,89.68,75.67,3.66,1131721.0,9.65,355511,69.95,71.05,1,87,24,11.33,11.39,0,11.6,4.3,0
479,1644400,1386.05,3,96.35,91.06,86.92,5.15,1140645.0,11.64,353033,66.53,72.56,1,136,40,15.26,9.03,0,11.4,4.9,0
480,2668296,3530.65,3,94.14,91.04,80.79,5.4,1286119.0,10.5,367579,48.83,70.6,1,142,42,18.08,10.59,0,14.5,3.5,1
481,1127094,1790.9,3,95.73,86.52,83.24,3.51,1209966.0,10.05,352776,53.87,66.07,1,84,25,7.94,11.29,0,19.7,5.4,1
482,2550360,3092.34,3,94.35,65.81,64.17,5.44,1125088.0,10.41,400961,37.67,67.32,0,124,50,12.09,9.72,0,19.8,12.8,1
483,1718462,5782.4,2,94.16,83.61,81.15,5.42,1187541.0,8.07,414879,65.58,71.38,1,106,45,12.97,10.32,0,14.4,7.4,0
484,778525,1525.97,3,93.44,49.96,52.82,4.46,913479.0,14.73,449760,64.28,66.59,0,65,27,10.22,13.64,0,23.0,6.2,1
485,688337,1669.87,3,98.88,50.45,59.79,3.68,1039224.0,12.63,356133,62.81,67.78,0,64,23,10.35,15.49,3,19.1,8.4,1
486,1155894,1696.21,3,93.18,68.22,62.14,4.55,1207308.0,18.91,475713,35.92,66.26,0,68,36,8.59,9.74,0,19.1,8.9,1
487,1611805,1474.02,3,97.36,87.14,82.92,6.03,1376508.0,9.7,394016,47.66,68.93,1,87,35,12.28,8.56,0,18.88,7.3,1
488,2091930,634.38,3,96.82,94.36,95.05,10.87,2192459.0,5.93,523213,54.83,80.65,2,129,28,44.84,4.09,0,7.2,5.4,0
489,1125522,717.83,3,98.37,88.63,87.34,5.54,1440100.0,10.62,445608,72.12,74.15,1,59,26,28.25,5.93,0,14.0,6.6,1
490,1325914,1115.09,3,99.44,89.1,90.95,7.09,1100211.0,10.0,448830,49.18,73.45,1,100,33,22.48,8.95,0,17.5,5.4,1
491,1109683,1224.25,3,99.03,86.97,81.84,4.98,1270100.0,11.85,474429,75.83,71.97,1,62,21,10.38,9.74,0,17.3,7.4,1
492,750143,1037.58,3,95.1,87.87,89.09,4.99,1220277.0,11.91,405127,48.87,71.88,1,53,27,16.01,10.71,0,15.1,5.1,0
493,674133,688.84,3,99.9,92.94,88.4,3.86,1396726.0,10.66,396696,55.12,74.15,1,62,22,16.23,9.05,0,16.9,7.3,0
494,873346,1295.98,3,99.92,82.68,79.35,4.25,1127276.0,15.57,382301,65.31,71.04,1,64,24,16.55,12.75,0,13.5,7.1,0
495,1307602,2198.79,3,97.24,87.13,90.96,4.82,1289770.0,13.27,403403,52.66,69.59,1,82,41,10.23,8.74,0,19.2,9.5,1
496,1203127,1834.15,3,96.4,83.59,83.8,4.68,1424402.0,16.31,421287,55.44,68.91,1,58,36,13.14,10.26,2,16.9,7.3,1
497,1356027,1782.05,3,81.98,96.21,89.7,4.9,1524157.0,13.86,446601,63.86,73.12,1,95,36,14.91,6.02,0,17.7,7.3,1
498,1320570,1191.25,3,88.99,95.06,91.56,8.0,1934503.0,12.42,536544,54.51,76.5,1,69,34,28.69,4.43,0,13.6,8.3,1
499,1071712,1001.44,3,97.39,83.1,39.44,8.07,1662628.0,21.57,458754,53.92,64.36,0,38,27,4.04,7.39,0,26.0,8.7,1
500,976020,1233.08,3,89.34,73.82,76.22,3.45,1336468.0,23.76,411661,79.66,62.8,0,58,22,1.19,7.8,0,12.3,7.3,0
501,853507,792.24,3,89.15,75.17,70.85,3.1,1247398.0,15.3,392345,75.02,66.4,0,46,21,4.96,9.83,0,22.8,14.9,1
502,1129822,1998.54,3,98.29,73.41,65.66,2.31,1607146.0,20.51,427882,47.09,67.04,0,81,29,4.24,8.06,0,20.9,9.9,1
503,287962,63.4,3,98.95,88.87,95.75,6.37,1067263.0,7.75,537326,63.16,78.6,2,63,10,31.67,7.19,0,13.0,7.5,0
504,150371,32.57,3,97.08,92.06,96.77,6.61,1114343.0,7.89,517363,80.75,78.98,2,30,3,29.55,5.44,0,9.6,4.4,0
505,844933,145.28,3,99.93,86.59,87.08,9.65,1333431.0,4.62,609612,94.22,82.04,2,197,16,40.1,5.31,0,17.7,4.6,1
506,241202,56.67,3,99.66,88.39,89.77,6.55,1554452.0,7.44,575195,82.9,73.66,1,32,6,30.74,5.9,0,14.6,7.2,0
507,209528,35.29,3,99.65,92.27,92.1,6.23,1397000.0,6.88,486893,84.38,75.62,2,27,8,27.65,5.55,0,19.0,9.7,1
508,133272,20.21,3,99.63,92.68,95.49,6.87,1206802.0,6.39,531804,80.03,78.43,2,35,6,32.81,5.61,0,10.7,6.6,0
509,196917,33.92,3,99.53,92.15,97.31,8.15,1272732.0,5.09,551620,93.94,81.25,2,66,7,36.7,5.89,0,11.6,8.4,0
510,2880284,350.54,3,98.06,81.6,95.2,9.68,1895763.0,5.23,652540,84.32,82.31,2,436,62,36.97,3.82,0,16.6,6.8,1
511,214653,136.74,3,100.0,95.72,95.57,6.57,1475266.0,4.09,564010,83.0,76.28,1,31,5,35.72,5.33,0,11.6,6.5,0
512,1284640,2746.89,3,82.01,70.27,49.11,7.7,1393582.0,10.72,416248,51.77,65.17,0,43,39,5.6,3.6,0,18.0,5.8,1
513,1400630,3426.56,3,73.32,73.49,56.82,7.86,1288038.0,10.29,380681,50.26,64.03,0,45,44,5.8,3.14,0,19.1,6.2,1
514,3279710,1011.86,3,97.97,89.63,85.89,9.06,2158650.0,7.12,576122,49.93,72.29,1,125,43,33.58,1.84,0,17.9,8.4,1
515,1640110,1734.28,3,92.33,84.38,80.34,10.58,1751710.0,5.49,385864,47.83,66.82,1,54,32,13.96,2.44,0,18.0,5.8,1
516,1912030,153.93,3,98.0,95.99,94.94,9.07,2705433.0,5.93,695225,54.25,78.5,2,143,37,34.81,1.42,0,11.9,5.9,0
517,439480,175.5,3,98.72,91.7,97.07,10.13,1713577.0,4.24,572780,58.16,73.35,2,37,9,43.4,2.02,0,15.5,7.2,1
518,700950,266.71,3,98.38,91.05,90.76,9.41,2009273.0,6.79,460613,46.76,72.44,1,43,16,28.14,1.29,0,18.0,8.1,1
519,1365390,147.19,3,99.22,98.02,98.84,8.6,2422551.0,2.57,712717,54.69,81.6,2,109,29,43.05,1.51,0,12.8,6.3,0
